{
  "ancestry_analysis": {
    "harappa_world": {
      "S_Indian": 69.87853305401424,
      "Baloch": 10.685224063385343,
      "NE_Euro": 2.1851263388085425,
      "NE_Asian": 3.863890154966973,
      "Papuan": 2.2230754630385516,
      "Beringian": 2.1825837128239085,
      "Mediterranean": 2.1803276833820937,
      "SW_Asian": 3.1532667509495074
    },
    "dodecad_k12b": {
      "Gedrosia": 8.386841550274474,
      "Siberian": 1.6974530497751685,
      "Northwest_African": 1.6859710929397345,
      "Southeast_Asian": 1.6805823693035677,
      "Atlantic_Mediterranean": 1.664376858801063,
      "North_European": 1.6689873173583578,
      "South_Asian": 60.43318667037747,
      "East_African": 1.6475094646128543,
      "Southwest_Asian": 7.7857634162634834,
      "East_Asian": 3.962744238405548,
      "Caucasus": 7.694167365387535,
      "Sub_Saharan": 1.6924166065007435
    },
    "eurogenes_k13": {
      "North_Atlantic": 1.1654857018817384,
      "Baltic": 1.1876656464375113,
      "West_Med": 5.274150202750927,
      "West_Asian": 10.904343419337872,
      "East_Med": 1.180220594362808,
      "Red_Sea": 1.168505491066322,
      "South_Asian": 66.16799732374845,
      "East_Asian": 5.349688635188794,
      "Siberian": 1.1845781662346102,
      "Amerindian": 1.1733249186151298,
      "Oceanian": 2.9003101864324825,
      "Northeast_African": 1.1626662609664378,
      "Sub_Saharan": 1.1810634529769126
    },
    "puntdnal": {
      "Natufian": 2.9688713925819026,
      "Iran_Neolithic": 20.785748072664912,
      "Anatolian_Farmer": 11.878610489689212,
      "WHG": 1.3706439927237444,
      "EHG": 1.3750303241435997,
      "Yamnaya_Samara": 1.3701854307054333,
      "Levant_BA": 2.9765267295457356,
      "CHG": 9.786043771391371,
      "Ancient_North_Eurasian": 1.361462721714141,
      "East_Asian": 5.4904691742028815,
      "Papuan": 5.522691292549914,
      "Mbuti": 1.3832100729188999,
      "Onge": 33.730506535168246
    },
    "regional_breakdowns": {
      "south_asian": {
        "Tamil_Nadu": 28.197314991089854,
        "Andhra_Pradesh": 20.140939279349897,
        "Karnataka": 12.084563567609939,
        "Kerala": 8.056375711739959,
        "Balochistan_Pakistan": 8.056375711739959,
        "Sindh_Pakistan": 4.028187855869979
      },
      "west_eurasian": {
        "Iranian_Plateau": 8.679357108225803,
        "Anatolia": 4.3396785541129015,
        "Levant": 2.603807132467741,
        "Caucasus": 1.7358714216451607
      },
      "east_eurasian": {
        "Han_Chinese": 3.679128237317466,
        "Korean": 1.1320394576361434
      }
    }
  },
  "g25_coordinates": {
    "coordinates": [
      0.030265880726049715,
      -0.023313837138024842,
      -0.12287510782121114,
      0.07542457358478255,
      -0.04354294962990064,
      0.06192536588883587,
      -0.010953507821211145,
      0.009082024657085618,
      0.028265768941845914,
      0.04644343670923063,
      -0.022338307821211142,
      -0.0001890032005342326,
      0.004133008229945173,
      0.03033994432247299,
      -0.016625607821211145,
      0.0004802128728818146,
      0.0029563246570856187,
      0.029789278265511133,
      -0.013057707821211144,
      -0.0019266474852945295,
      0.009568980372325321,
      0.024921965567234566,
      -0.014879807821211144,
      -0.0006626103418013945,
      -0.002069496412991469
    ],
    "magnitude": 0.18670375859674704,
    "quality_score": 95.0
  },
  "quality_metrics": {
    "total_snps_analyzed": 40000,
    "g25_coordinate_magnitude": 0.18670375859674704,
    "coordinate_accuracy_score": 95.0,
    "multiple_calculator_agreement": 94.0,
    "overall_quality_score": 94.5
  },
  "confidence_scores": {
    "S_Indian": 100.0,
    "Baloch": 67.80870677230891,
    "NE_Euro": 53.641877231347564,
    "NE_Asian": 56.43981692494495,
    "Papuan": 53.70512577173092,
    "Beringian": 53.63763952137318,
    "Mediterranean": 53.63387947230349,
    "SW_Asian": 55.25544458491585
  },
  "snps_analyzed": 40000,
  "analysis_metadata": {
    "analysis_type": "ultimate_ancestry",
    "processing_time": "16.02s",
    "timestamp": "2025-06-29T06:24:59.422101"
  }
}