{
  "timestamp": "2025-06-29T03:52:46.472507",
  "analysis_type": "Authentic_G25_Ancestry_Analysis",
  "methodology": "Authentic_Global25_Mixture_Modeling_cvxpy_Optimization",
  "file_info": {
    "filename": "genome_Taariq_Hassan_v5_Full_20250410133723.txt",
    "total_lines": 643185,
    "snps_parsed": 625474
  },
  "authentic_g25_analysis": {
    "ancestry_percentages": {
      "S_Indian": 6.555557895517896,
      "Baloch": 8.126308299737147,
      "Brahui": 8.185047646006877,
      "Sindhi": 7.499676481399503,
      "Pathan": 8.091793560726593,
      "Makrani": 8.417012298786796,
      "NE_Asian": 13.406987589757197,
      "Han": 13.87546878096613,
      "NE_Euro": 3.807993980677085,
      "Mediterranean": 3.939223999121107,
      "SW_Asian": 5.6300647263318195,
      "Papuan": 6.7636366246904585,
      "Beringian": 5.701228116281392
    },
    "g25_coordinates": [
      0.18727034074683363,
      0.045508093088339946,
      0.0659229931657589,
      0.09642367240275945,
      0.0024620726496046735,
      0.05797063169576998,
      0.05314198443924033,
      -0.12301647641455674,
      0.08043385446285896,
      -0.0803754877307987,
      -0.0773665506920914,
      -0.0616260329371338,
      0.09990615539898644,
      0.036902226305982985,
      -0.21533921870795217,
      -0.10678747101818724,
      0.18482024565225266,
      -0.01988421305093509,
      -0.02760957936867726,
      -0.05754699012111714,
      0.12957618285198882,
      -0.06945353455072328,
      -0.1349299788251105,
      -0.0521425858296263,
      -0.0708700334109124
    ],
    "fit_error": 0.1,
    "population_distances": {
      "S_Indian": 0.5270450804536569,
      "Baloch": 0.5055657291290073,
      "Brahui": 0.5048454996106193,
      "Sindhi": 0.5135904144250925,
      "Pathan": 0.5059913620595958,
      "Makrani": 0.5020509096636915,
      "NE_Asian": 0.45549879950843897,
      "Han": 0.45206415829720725,
      "NE_Euro": 0.5813661491826091,
      "Mediterranean": 0.5779780278675453,
      "SW_Asian": 0.5422643089279741,
      "Papuan": 0.5239203320412031,
      "Beringian": 0.541008241742013
    },
    "confidence_scores": {
      "S_Indian": 40.617286550575436,
      "Baloch": 42.36256477748572,
      "Brahui": 42.42783071778542,
      "Sindhi": 41.666307201555,
      "Pathan": 42.32421506747399,
      "Makrani": 42.685569220874214,
      "NE_Asian": 48.22998621084133,
      "Han": 48.75052086774014,
      "NE_Euro": 37.564437756307875,
      "Mediterranean": 37.71024888791234,
      "SW_Asian": 39.588960807035356,
      "Papuan": 40.84848513854495,
      "Beringian": 39.66803124031266
    },
    "quality_metrics": {
      "total_markers_used": 100000,
      "coordinate_magnitude": 0.5001281693061517,
      "coordinate_range": 0.4026095594547858,
      "fit_error": 0.1,
      "optimization_quality": 90.0,
      "coordinate_quality_score": 100
    }
  },
  "coordinate_validation": {
    "expected_coordinates": [
      0.040976,
      -0.07718,
      -0.156128,
      0.106914,
      -0.063396,
      0.046854,
      0.00376,
      0.012923,
      0.039473,
      0.025695,
      -0.012504,
      -0.000749,
      0.007136,
      -0.000413,
      -0.004343,
      0.001989,
      0.004172,
      -0.00114,
      0.000754,
      -0.002376,
      0.014474,
      -0.007048,
      -0.001849,
      0,
      -0.001796
    ],
    "calculated_coordinates": [
      0.18727034074683363,
      0.045508093088339946,
      0.0659229931657589,
      0.09642367240275945,
      0.0024620726496046735,
      0.05797063169576998,
      0.05314198443924033,
      -0.12301647641455674,
      0.08043385446285896,
      -0.0803754877307987,
      -0.0773665506920914,
      -0.0616260329371338,
      0.09990615539898644,
      0.036902226305982985,
      -0.21533921870795217,
      -0.10678747101818724,
      0.18482024565225266,
      -0.01988421305093509,
      -0.02760957936867726,
      -0.05754699012111714,
      0.12957618285198882,
      -0.06945353455072328,
      -0.1349299788251105,
      -0.0521425858296263,
      -0.0708700334109124
    ],
    "coordinate_differences": [
      0.14629434074683362,
      0.12268809308833994,
      0.22205099316575888,
      0.010490327597240542,
      0.06585807264960467,
      0.011116631695769978,
      0.04938198443924033,
      0.13593947641455673,
      0.04096085446285896,
      0.10607048773079869,
      0.0648625506920914,
      0.0608770329371338,
      0.09277015539898643,
      0.03731522630598298,
      0.21099621870795215,
      0.10877647101818724,
      0.18064824565225265,
      0.018744213050935092,
      0.028363579368677262,
      0.05517099012111714,
      0.11510218285198882,
      0.062405534550723285,
      0.13308097882511052,
      0.0521425858296263,
      0.0690740334109124
    ],
    "total_coordinate_difference": 0.9108512619910023,
    "average_coordinate_difference": 0.09108512619910022,
    "coordinate_accuracy": "\u26a0\ufe0f FAIR"
  },
  "comparison_with_harappaworld": {
    "expected_results": {
      "S_Indian": 47.4,
      "Baloch": 32.4,
      "NE_Asian": 4.6,
      "SW_Asian": 4.0,
      "NE_Euro": 3.2,
      "Papuan": 3.2,
      "Mediterranean": 2.8,
      "Beringian": 2.4
    },
    "calculated_results": {
      "S_Indian": 6.555557895517896,
      "Baloch": 8.126308299737147,
      "NE_Asian": 13.406987589757197,
      "NE_Euro": 3.807993980677085,
      "Mediterranean": 3.939223999121107,
      "SW_Asian": 5.6300647263318195,
      "Papuan": 6.7636366246904585,
      "Beringian": 5.701228116281392
    },
    "total_difference": 84.16726884160401,
    "average_difference": 10.520908605200502,
    "ancestry_accuracy": "\u26a0\ufe0f FAIR"
  },
  "overall_assessment": {
    "overall_score": 13.065588215397499,
    "overall_accuracy": "\u274c NEEDS IMPROVEMENT",
    "coordinate_weight": 0.4,
    "ancestry_weight": 0.6
  },
  "parsing_statistics": {
    "total_lines": 643185,
    "valid_snps": 643161,
    "rs_snps": 625474,
    "internal_markers": 17687,
    "invalid_snps": 0,
    "no_calls": 15116,
    "chromosomes_found": [
      "5",
      "3",
      "15",
      "16",
      "19",
      "6",
      "20",
      "2",
      "22",
      "X",
      "9",
      "17",
      "21",
      "4",
      "1",
      "8",
      "Y",
      "14",
      "MT",
      "11",
      "10",
      "13",
      "18",
      "12",
      "7"
    ],
    "genotype_distribution": {
      "TT": 105932,
      "CC": 145923,
      "GG": 146054,
      "AA": 105893,
      "AC": 9527,
      "CT": 41257,
      "AG": 40881,
      "GT": 9485,
      "--": 15116,
      "CG": 344,
      "ID": 58,
      "AT": 235,
      "G": 5580,
      "T": 5405,
      "I": 203,
      "A": 5321,
      "C": 5867,
      "D": 80
    },
    "quality_metrics": {
      "success_rate": 99.99626856969613,
      "no_call_rate": 2.350266884963485,
      "rs_snp_percentage": 97.24998872755033,
      "chromosome_coverage": 25,
      "genotype_diversity": 18
    },
    "file_metadata": {
      "file_id": "9185d421-0903-4c4b-857b-faaaf96e1b51",
      "signature": "1e5f545e51e64fa67ed8287b4faf8d47cd7a1ff8118205fd60d5a5a2d0955f10",
      "timestamp": "2025-04-10 13",
      "source": "23andMe",
      "improvements in our ability to call genotypes. More information about these changes can be found at": "",
      "https": "//www.ncbi.nlm.nih.gov/assembly/GCF_000001405.13/",
      "More information on reference human assembly builds": ""
    },
    "summary": {
      "total_snps_parsed": 643161,
      "rs_snps_count": 625474,
      "internal_markers_count": 17687,
      "parsing_success_rate": 99.99626856969613,
      "data_quality_score": 92.95
    }
  },
  "performance": {
    "parsing_time_seconds": 2.4496469497680664,
    "analysis_time_seconds": 8.386097192764282,
    "total_time_seconds": 10.835744142532349
  }
}