{
  "timestamp": "2025-06-29T03:40:42.551133",
  "analysis_type": "Real_G25_Ancestry_Analysis",
  "methodology": "Real_Global25_Eigenvector_Transformation",
  "file_info": {
    "filename": "genome_Taariq_Hassan_v5_Full_20250410133723.txt",
    "total_lines": 643185,
    "snps_parsed": 625474
  },
  "real_g25_analysis": {
    "ancestry_percentages": {
      "S_Indian": 0.9173059215664261,
      "Baloch": 19.717066756661907,
      "Brahui": 19.081188810956053,
      "Sindhi": 14.353899514583352,
      "Pathan": 9.399326177547163,
      "NE_Euro": 13.154707276996689,
      "Mediterranean": 14.261574290284745,
      "SW_Asian": 9.114931251403682
    },
    "g25_coordinates": [
      0.03915163440788012,
      -0.056788297812312954,
      0.039447800972263594,
      -0.04693504460210255,
      -0.03621316339772128,
      0.06503548928452435,
      -0.05483715457019697,
      0.02731628449706191,
      0.05975792964214376,
      0.06948830474053062,
      -0.11317992823353182,
      -0.05023861864794604,
      -0.08008384546278328,
      -0.05256220247156702,
      -0.042846023618520364,
      0.026307336206392345,
      -0.014133790403869662,
      -0.017693333506331406,
      -0.022844766097547087,
      -0.008273638415120868,
      -0.017994282517027105,
      -0.034404939366583565,
      -0.07377912560885701,
      0.05000539513057243,
      -0.07645906737659255
    ],
    "population_distances": {
      "S_Indian": 0.3325999491708802,
      "Baloch": 0.2712439722793489,
      "Brahui": 0.27189960473508273,
      "Sindhi": 0.27759323118040996,
      "Pathan": 0.286060904080405,
      "NE_Asian": 0.36108460030799283,
      "Han": 0.3893194014213512,
      "NE_Euro": 0.27933807090172313,
      "Mediterranean": 0.2777222879911271,
      "SW_Asian": 0.2866753868348668,
      "Papuan": 0.3761291223981955,
      "Beringian": 0.36713044191732686
    },
    "confidence_scores": {
      "S_Indian": 45.1048740029856,
      "Baloch": 61.72844635248468,
      "Brahui": 61.26081889163185,
      "Sindhi": 57.72971759769491,
      "Pathan": 53.8621571796711,
      "NE_Euro": 56.81393345788292,
      "Mediterranean": 57.65956366078135,
      "SW_Asian": 53.631595045278004
    },
    "quality_metrics": {
      "total_markers_used": 50009,
      "g25_markers_used": 9,
      "coordinate_magnitude": 0.26391085775165046,
      "coordinate_range": 0.18266823297406243,
      "average_distance": 0.3147330811015591,
      "closest_distance": 0.2712439722793489,
      "coordinate_quality_score": 100
    }
  },
  "coordinate_validation": {
    "expected_coordinates": [
      0.040976,
      -0.07718,
      -0.156128,
      0.106914,
      -0.063396,
      0.046854,
      0.00376,
      0.012923,
      0.039473,
      0.025695,
      -0.012504,
      -0.000749,
      0.007136,
      -0.000413,
      -0.004343,
      0.001989,
      0.004172,
      -0.00114,
      0.000754,
      -0.002376,
      0.014474,
      -0.007048,
      -0.001849,
      0,
      -0.001796
    ],
    "calculated_coordinates": [
      0.03915163440788012,
      -0.056788297812312954,
      0.039447800972263594,
      -0.04693504460210255,
      -0.03621316339772128,
      0.06503548928452435,
      -0.05483715457019697,
      0.02731628449706191,
      0.05975792964214376,
      0.06948830474053062,
      -0.11317992823353182,
      -0.05023861864794604,
      -0.08008384546278328,
      -0.05256220247156702,
      -0.042846023618520364,
      0.026307336206392345,
      -0.014133790403869662,
      -0.017693333506331406,
      -0.022844766097547087,
      -0.008273638415120868,
      -0.017994282517027105,
      -0.034404939366583565,
      -0.07377912560885701,
      0.05000539513057243,
      -0.07645906737659255
    ],
    "coordinate_differences": [
      0.0018243655921198754,
      0.020391702187687044,
      0.19557580097226357,
      0.15384904460210255,
      0.027182836602278715,
      0.01818148928452435,
      0.05859715457019697,
      0.014393284497061908,
      0.020284929642143762,
      0.04379330474053063,
      0.10067592823353182,
      0.04948961864794604,
      0.08721984546278329,
      0.05214920247156702,
      0.038503023618520364,
      0.024318336206392344,
      0.018305790403869662,
      0.016553333506331407,
      0.02359876609754709,
      0.005897638415120868,
      0.0324682825170271,
      0.027356939366583566,
      0.071930125608857,
      0.05000539513057243,
      0.07466306737659255
    ],
    "total_coordinate_difference": 95.89684014045679,
    "average_coordinate_difference": 9.589684014045678
  },
  "comparison_with_harappaworld": {
    "expected_results": {
      "S_Indian": 47.4,
      "Baloch": 32.4,
      "NE_Asian": 4.6,
      "SW_Asian": 4.0,
      "NE_Euro": 3.2,
      "Papuan": 3.2,
      "Mediterranean": 2.8,
      "Beringian": 2.4
    },
    "calculated_results": {
      "S_Indian": 0.9173059215664261,
      "Baloch": 19.717066756661907,
      "NE_Euro": 13.154707276996689,
      "Mediterranean": 14.261574290284745,
      "SW_Asian": 9.114931251403682
    },
    "total_difference": 95.89684014045679,
    "average_difference": 11.987105017557099,
    "accuracy_status": "\u2705 GOOD"
  },
  "parsing_statistics": {
    "total_lines": 643185,
    "valid_snps": 643161,
    "rs_snps": 625474,
    "internal_markers": 17687,
    "invalid_snps": 0,
    "no_calls": 15116,
    "chromosomes_found": [
      "MT",
      "6",
      "19",
      "11",
      "3",
      "9",
      "1",
      "4",
      "Y",
      "16",
      "15",
      "8",
      "18",
      "12",
      "5",
      "22",
      "X",
      "13",
      "21",
      "7",
      "14",
      "2",
      "17",
      "10",
      "20"
    ],
    "genotype_distribution": {
      "TT": 105932,
      "CC": 145923,
      "GG": 146054,
      "AA": 105893,
      "AC": 9527,
      "CT": 41257,
      "AG": 40881,
      "GT": 9485,
      "--": 15116,
      "CG": 344,
      "ID": 58,
      "AT": 235,
      "G": 5580,
      "T": 5405,
      "I": 203,
      "A": 5321,
      "C": 5867,
      "D": 80
    },
    "quality_metrics": {
      "success_rate": 99.99626856969613,
      "no_call_rate": 2.350266884963485,
      "rs_snp_percentage": 97.24998872755033,
      "chromosome_coverage": 25,
      "genotype_diversity": 18
    },
    "file_metadata": {
      "file_id": "9185d421-0903-4c4b-857b-faaaf96e1b51",
      "signature": "1e5f545e51e64fa67ed8287b4faf8d47cd7a1ff8118205fd60d5a5a2d0955f10",
      "timestamp": "2025-04-10 13",
      "source": "23andMe",
      "improvements in our ability to call genotypes. More information about these changes can be found at": "",
      "https": "//www.ncbi.nlm.nih.gov/assembly/GCF_000001405.13/",
      "More information on reference human assembly builds": ""
    },
    "summary": {
      "total_snps_parsed": 643161,
      "rs_snps_count": 625474,
      "internal_markers_count": 17687,
      "parsing_success_rate": 99.99626856969613,
      "data_quality_score": 92.95
    }
  },
  "performance": {
    "parsing_time_seconds": 2.5172250270843506,
    "analysis_time_seconds": 6.195862770080566,
    "total_time_seconds": 8.713087797164917
  }
}